[
    {
        "employeeId": 1,
        "employeeName": "Leaf Rake",
        "employeeCode": "GDN-0011",
        "employee-joining-Date": "March 19, 2016",
        "city": "Leaf rake with 48-inch wooden handle.",       
        "employeeRating": 3.2
        
    },
    {
        "employeeId": 2,
        "employeeName": "Garden Cart",
        "employeeCode": "GDN-0023",
        "employee-joining-Date": "March 18, 2016",
        "city": "15 gallon capacity rolling garden cart",
        "employeeRating": 4.2
    },
    {
        "employeeId": 3,
        "employeeName": "Hammer",
        "employeeCode": "TBX-0048",
        "employee-joining-Date": "May 21, 2016",
        "city": "Curved claw steel hammer",      
        "employeeRating": 4.8
     
    },
    {
        "employeeId": 4,
        "employeeName": "Saw",
        "employeeCode": "TBX-0022",
        "employee-joining-Date": "May 15, 2016",
        "city": "15-inch steel blade hand saw",
        "employeeRating": 3.7
    },
    {
        "employeeId": 5,
        "employeeName": "Video Game Controller",
        "employeeCode": "GMG-0042",
        "employee-joining-Date": "October 15, 2015",
        "city": "Standard two-button video game controller",      
        "employeeRating": 4.6
        
    }
]